Quincy Acy,http://www.basketball-reference.com/players/a/acyqu01/gamelog/
Jordan Adams,http://www.basketball-reference.com/players/a/adamsjo01/gamelog/
Steven Adams,http://www.basketball-reference.com/players/a/adamsst01/gamelog/
Arron Afflalo,http://www.basketball-reference.com/players/a/afflaar01/gamelog/
Alexis Ajinca,http://www.basketball-reference.com/players/a/ajincal01/gamelog/
Josh Akognon,http://www.basketball-reference.com/players/a/akognjo01/gamelog/
Solomon Alabi,http://www.basketball-reference.com/players/a/alabiso01/gamelog/
Furkan Aldemir,http://www.basketball-reference.com/players/a/aldemfu01/gamelog/
Cole Aldrich,http://www.basketball-reference.com/players/a/aldrico01/gamelog/
LaMarcus Aldridge,http://www.basketball-reference.com/players/a/aldrila01/gamelog/
Cliff Alexander,http://www.basketball-reference.com/players/a/alexacl01/gamelog/
Lavoy Allen,http://www.basketball-reference.com/players/a/allenla01/gamelog/
Tony Allen,http://www.basketball-reference.com/players/a/allento01/gamelog/
Al-Farouq Aminu,http://www.basketball-reference.com/players/a/aminual01/gamelog/
Lou Amundson,http://www.basketball-reference.com/players/a/amundlo01/gamelog/
Chris Andersen,http://www.basketball-reference.com/players/a/anderch01/gamelog/
Alan Anderson,http://www.basketball-reference.com/players/a/anderal01/gamelog/
James Anderson,http://www.basketball-reference.com/players/a/anderja01/gamelog/
Justin Anderson,http://www.basketball-reference.com/players/a/anderju01/gamelog/
Kyle Anderson,http://www.basketball-reference.com/players/a/anderky01/gamelog/
Ryan Anderson,http://www.basketball-reference.com/players/a/anderry01/gamelog/
Giannis Antetokounmpo,http://www.basketball-reference.com/players/a/antetgi01/gamelog/
Thanasis Antetokounmpo,http://www.basketball-reference.com/players/a/antetth01/gamelog/
Carmelo Anthony,http://www.basketball-reference.com/players/a/anthoca01/gamelog/
Joel Anthony,http://www.basketball-reference.com/players/a/anthojo01/gamelog/
Pero Antic,http://www.basketball-reference.com/players/a/anticpe01/gamelog/
Keith Appling,http://www.basketball-reference.com/players/a/applike01/gamelog/
Trevor Ariza,http://www.basketball-reference.com/players/a/arizatr01/gamelog/
Darrell Arthur,http://www.basketball-reference.com/players/a/arthuda01/gamelog/
Omer Asik,http://www.basketball-reference.com/players/a/asikom01/gamelog/
D.J. Augustin,http://www.basketball-reference.com/players/a/augusdj01/gamelog/
Gustavo Ayon,http://www.basketball-reference.com/players/a/ayongu01/gamelog/
Jeff Ayres,http://www.basketball-reference.com/players/p/pendeje02/gamelog/
Chris Babb,http://www.basketball-reference.com/players/b/babbch01/gamelog/
Luke Babbitt,http://www.basketball-reference.com/players/b/babbilu01/gamelog/
Cameron Bairstow,http://www.basketball-reference.com/players/b/bairsca01/gamelog/
Renaldo Balkman,http://www.basketball-reference.com/players/b/balkmre01/gamelog/
Leandro Barbosa,http://www.basketball-reference.com/players/b/barbole01/gamelog/
J.J. Barea,http://www.basketball-reference.com/players/b/bareajo01/gamelog/
Andrea Bargnani,http://www.basketball-reference.com/players/b/bargnan01/gamelog/
Harrison Barnes,http://www.basketball-reference.com/players/b/barneha02/gamelog/
Matt Barnes,http://www.basketball-reference.com/players/b/barnema02/gamelog/
Earl Barron,http://www.basketball-reference.com/players/b/barroea01/gamelog/
Will Barton,http://www.basketball-reference.com/players/b/bartowi01/gamelog/
Brandon Bass,http://www.basketball-reference.com/players/b/bassbr01/gamelog/
Nicolas Batum,http://www.basketball-reference.com/players/b/batumni01/gamelog/
Jerryd Bayless,http://www.basketball-reference.com/players/b/bayleje01/gamelog/
Aron Baynes,http://www.basketball-reference.com/players/b/baynear01/gamelog/
Kent Bazemore,http://www.basketball-reference.com/players/b/bazemke01/gamelog/
Bradley Beal,http://www.basketball-reference.com/players/b/bealbr01/gamelog/
Michael Beasley,http://www.basketball-reference.com/players/b/beaslmi01/gamelog/
Rodrigue Beaubois,http://www.basketball-reference.com/players/b/beaubro01/gamelog/
Marco Belinelli,http://www.basketball-reference.com/players/b/belinma01/gamelog/
Jerrelle Benimon,http://www.basketball-reference.com/players/b/benimje01/gamelog/
Anthony Bennett,http://www.basketball-reference.com/players/b/bennean01/gamelog/
Keith Benson,http://www.basketball-reference.com/players/b/bensoke02/gamelog/
Patrick Beverley,http://www.basketball-reference.com/players/b/beverpa01/gamelog/
Sim Bhullar,http://www.basketball-reference.com/players/b/bhullsi01/gamelog/
Bismack Biyombo,http://www.basketball-reference.com/players/b/biyombi01/gamelog/
Nemanja Bjelica,http://www.basketball-reference.com/players/b/bjeline01/gamelog/
Tarik Black,http://www.basketball-reference.com/players/b/blackta01/gamelog/
DeJuan Blair,http://www.basketball-reference.com/players/b/blairde01/gamelog/
Steve Blake,http://www.basketball-reference.com/players/b/blakest01/gamelog/
Eric Bledsoe,http://www.basketball-reference.com/players/b/bledser01/gamelog/
Vander Blue,http://www.basketball-reference.com/players/b/blueva01/gamelog/
Bojan Bogdanovic,http://www.basketball-reference.com/players/b/bogdabo02/gamelog/
Andrew Bogut,http://www.basketball-reference.com/players/b/bogutan01/gamelog/
Matt Bonner,http://www.basketball-reference.com/players/b/bonnema01/gamelog/
Devin Booker,http://www.basketball-reference.com/players/b/bookede01/gamelog/
Trevor Booker,http://www.basketball-reference.com/players/b/booketr01/gamelog/
Chris Bosh,http://www.basketball-reference.com/players/b/boshch01/gamelog/
Avery Bradley,http://www.basketball-reference.com/players/b/bradlav01/gamelog/
Elton Brand,http://www.basketball-reference.com/players/b/brandel01/gamelog/
Corey Brewer,http://www.basketball-reference.com/players/b/breweco01/gamelog/
Ronnie Brewer,http://www.basketball-reference.com/players/b/brewero02/gamelog/
Aaron Brooks,http://www.basketball-reference.com/players/b/brookaa01/gamelog/
MarShon Brooks,http://www.basketball-reference.com/players/b/brookma01/gamelog/
Anthony Brown,http://www.basketball-reference.com/players/b/brownan02/gamelog/
Jabari Brown,http://www.basketball-reference.com/players/b/brownja01/gamelog/
Lorenzo Brown,http://www.basketball-reference.com/players/b/brownlo01/gamelog/
Markel Brown,http://www.basketball-reference.com/players/b/brownma02/gamelog/
Shannon Brown,http://www.basketball-reference.com/players/b/brownsh01/gamelog/
Chase Budinger,http://www.basketball-reference.com/players/b/budinch01/gamelog/
Reggie Bullock,http://www.basketball-reference.com/players/b/bullore01/gamelog/
Trey Burke,http://www.basketball-reference.com/players/b/burketr01/gamelog/
Alec Burks,http://www.basketball-reference.com/players/b/burksal01/gamelog/
Caron Butler,http://www.basketball-reference.com/players/b/butleca01/gamelog/
Jimmy Butler,http://www.basketball-reference.com/players/b/butleji01/gamelog/
Rasual Butler,http://www.basketball-reference.com/players/b/butlera01/gamelog/
Dwight Buycks,http://www.basketball-reference.com/players/b/buyckdw01/gamelog/
Derrick Byars,http://www.basketball-reference.com/players/b/byarsde01/gamelog/
Will Bynum,http://www.basketball-reference.com/players/b/bynumwi01/gamelog/
Bruno Caboclo,http://www.basketball-reference.com/players/c/cabocbr01/gamelog/
Nick Calathes,http://www.basketball-reference.com/players/c/calatni01/gamelog/
Jose Calderon,http://www.basketball-reference.com/players/c/caldejo01/gamelog/
Kentavious Caldwell-Pope,http://www.basketball-reference.com/players/c/caldwke01/gamelog/
Isaiah Canaan,http://www.basketball-reference.com/players/c/canaais01/gamelog/
Clint Capela,http://www.basketball-reference.com/players/c/capelca01/gamelog/
DeMarre Carroll,http://www.basketball-reference.com/players/c/carrode01/gamelog/
Vince Carter,http://www.basketball-reference.com/players/c/cartevi01/gamelog/
Michael Carter-Williams,http://www.basketball-reference.com/players/c/cartemi01/gamelog/
Omri Casspi,http://www.basketball-reference.com/players/c/casspom01/gamelog/
Willie Cauley-Stein,http://www.basketball-reference.com/players/c/caulewi01/gamelog/
Mario Chalmers,http://www.basketball-reference.com/players/c/chalmma01/gamelog/
Tyson Chandler,http://www.basketball-reference.com/players/c/chandty01/gamelog/
Wilson Chandler,http://www.basketball-reference.com/players/c/chandwi01/gamelog/
Will Cherry,http://www.basketball-reference.com/players/c/cherrwi01/gamelog/
Josh Childress,http://www.basketball-reference.com/players/c/childjo01/gamelog/
Dionte Christmas,http://www.basketball-reference.com/players/c/chrisdi01/gamelog/
Rakeem Christmas,http://www.basketball-reference.com/players/c/chrisra01/gamelog/
Patrick Christopher,http://www.basketball-reference.com/players/c/chrispa01/gamelog/
Earl Clark,http://www.basketball-reference.com/players/c/clarkea01/gamelog/
Ian Clark,http://www.basketball-reference.com/players/c/clarkia01/gamelog/
Coty Clarke,http://www.basketball-reference.com/players/c/clarkco01/gamelog/
Jordan Clarkson,http://www.basketball-reference.com/players/c/clarkjo01/gamelog/
Victor Claver,http://www.basketball-reference.com/players/c/clavevi01/gamelog/
Norris Cole,http://www.basketball-reference.com/players/c/coleno01/gamelog/
Darren Collison,http://www.basketball-reference.com/players/c/collida01/gamelog/
Nick Collison,http://www.basketball-reference.com/players/c/collini01/gamelog/
Mike Conley,http://www.basketball-reference.com/players/c/conlemi01/gamelog/
Pat Connaughton,http://www.basketball-reference.com/players/c/connapa01/gamelog/
Jack Cooley,http://www.basketball-reference.com/players/c/cooleja01/gamelog/
Chris Copeland,http://www.basketball-reference.com/players/c/copelch01/gamelog/
Bryce Cotton,http://www.basketball-reference.com/players/c/cottobr01/gamelog/
Marcus Cousin,http://www.basketball-reference.com/players/c/cousima01/gamelog/
DeMarcus Cousins,http://www.basketball-reference.com/players/c/couside01/gamelog/
Robert Covington,http://www.basketball-reference.com/players/c/covinro01/gamelog/
Allen Crabbe,http://www.basketball-reference.com/players/c/crabbal01/gamelog/
Jamal Crawford,http://www.basketball-reference.com/players/c/crawfja01/gamelog/
Jordan Crawford,http://www.basketball-reference.com/players/c/crawfjo02/gamelog/
Jae Crowder,http://www.basketball-reference.com/players/c/crowdja01/gamelog/
Dante Cunningham,http://www.basketball-reference.com/players/c/cunnida01/gamelog/
Jared Cunningham,http://www.basketball-reference.com/players/c/cunnija01/gamelog/
Seth Curry,http://www.basketball-reference.com/players/c/curryse01/gamelog/
Stephen Curry,http://www.basketball-reference.com/players/c/curryst01/gamelog/
Samuel Dalembert,http://www.basketball-reference.com/players/d/dalemsa01/gamelog/
Troy Daniels,http://www.basketball-reference.com/players/d/danietr01/gamelog/
Luigi Datome,http://www.basketball-reference.com/players/d/datomlu01/gamelog/
Brandon Davies,http://www.basketball-reference.com/players/d/daviebr01/gamelog/
Anthony Davis,http://www.basketball-reference.com/players/d/davisan02/gamelog/
Ed Davis,http://www.basketball-reference.com/players/d/davised01/gamelog/
Glen Davis,http://www.basketball-reference.com/players/d/davisgl01/gamelog/
Andre Dawkins,http://www.basketball-reference.com/players/d/dawkian01/gamelog/
Branden Dawson,http://www.basketball-reference.com/players/d/dawsobr01/gamelog/
Eric Dawson,http://www.basketball-reference.com/players/d/dawsoer01/gamelog/
Austin Daye,http://www.basketball-reference.com/players/d/dayeau01/gamelog/
Nando De Colo,http://www.basketball-reference.com/players/d/decolna01/gamelog/
Dewayne Dedmon,http://www.basketball-reference.com/players/d/dedmode01/gamelog/
Bryce Dejean-Jones,http://www.basketball-reference.com/players/d/dejeabr01/gamelog/
Sam Dekker,http://www.basketball-reference.com/players/d/dekkesa01/gamelog/
Matthew Dellavedova,http://www.basketball-reference.com/players/d/dellama01/gamelog/
Luol Deng,http://www.basketball-reference.com/players/d/denglu01/gamelog/
DeMar DeRozan,http://www.basketball-reference.com/players/d/derozde01/gamelog/
Boris Diaw,http://www.basketball-reference.com/players/d/diawbo01/gamelog/
Yakhouba Diawara,http://www.basketball-reference.com/players/d/diawaya01/gamelog/
Gorgui Dieng,http://www.basketball-reference.com/players/d/dienggo01/gamelog/
Spencer Dinwiddie,http://www.basketball-reference.com/players/d/dinwisp01/gamelog/
Ike Diogu,http://www.basketball-reference.com/players/d/dioguik01/gamelog/
Joey Dorsey,http://www.basketball-reference.com/players/d/dorsejo01/gamelog/
Toney Douglas,http://www.basketball-reference.com/players/d/douglto01/gamelog/
Chris Douglas-Roberts,http://www.basketball-reference.com/players/d/douglch01/gamelog/
Goran Dragic,http://www.basketball-reference.com/players/d/dragigo01/gamelog/
Zoran Dragic,http://www.basketball-reference.com/players/d/dragizo01/gamelog/
Larry Drew,http://www.basketball-reference.com/players/d/drewla02/gamelog/
Andre Drummond,http://www.basketball-reference.com/players/d/drumman01/gamelog/
Jared Dudley,http://www.basketball-reference.com/players/d/dudleja01/gamelog/
Duje Dukan,http://www.basketball-reference.com/players/d/dukandu01/gamelog/
Mike Dunleavy,http://www.basketball-reference.com/players/d/dunlemi02/gamelog/
Kevin Durant,http://www.basketball-reference.com/players/d/duranke01/gamelog/
Cleanthony Early,http://www.basketball-reference.com/players/e/earlycl01/gamelog/
Devin Ebanks,http://www.basketball-reference.com/players/e/ebankde01/gamelog/
Jarell Eddie,http://www.basketball-reference.com/players/e/eddieja01/gamelog/
Shane Edwards,http://www.basketball-reference.com/players/e/edwarsh01/gamelog/
Wayne Ellington,http://www.basketball-reference.com/players/e/ellinwa01/gamelog/
Monta Ellis,http://www.basketball-reference.com/players/e/ellismo01/gamelog/
Melvin Ely,http://www.basketball-reference.com/players/e/elyme01/gamelog/
Kim English,http://www.basketball-reference.com/players/e/engliki01/gamelog/
James Ennis,http://www.basketball-reference.com/players/e/ennisja01/gamelog/
Tyler Ennis,http://www.basketball-reference.com/players/e/ennisty01/gamelog/
Jeremy Evans,http://www.basketball-reference.com/players/e/evansje01/gamelog/
Tyreke Evans,http://www.basketball-reference.com/players/e/evansty01/gamelog/
Dante Exum,http://www.basketball-reference.com/players/e/exumda01/gamelog/
Festus Ezeli,http://www.basketball-reference.com/players/e/ezelife01/gamelog/
Kenneth Faried,http://www.basketball-reference.com/players/f/farieke01/gamelog/
Jordan Farmar,http://www.basketball-reference.com/players/f/farmajo01/gamelog/
Vitor Faverani,http://www.basketball-reference.com/players/f/favervi01/gamelog/
Derrick Favors,http://www.basketball-reference.com/players/f/favorde01/gamelog/
Cristiano Felicio,http://www.basketball-reference.com/players/f/feliccr01/gamelog/
Carrick Felix,http://www.basketball-reference.com/players/f/felixca01/gamelog/
Raymond Felton,http://www.basketball-reference.com/players/f/feltora01/gamelog/
Kyrylo Fesenko,http://www.basketball-reference.com/players/f/fesenky01/gamelog/
Gary Forbes,http://www.basketball-reference.com/players/f/forbega01/gamelog/
Evan Fournier,http://www.basketball-reference.com/players/f/fournev01/gamelog/
Randy Foye,http://www.basketball-reference.com/players/f/foyera01/gamelog/
Jamaal Franklin,http://www.basketball-reference.com/players/f/frankja01/gamelog/
Tim Frazier,http://www.basketball-reference.com/players/f/fraziti01/gamelog/
Jimmer Fredette,http://www.basketball-reference.com/players/f/fredeji01/gamelog/
Joel Freeland,http://www.basketball-reference.com/players/f/freeljo01/gamelog/
Channing Frye,http://www.basketball-reference.com/players/f/fryech01/gamelog/
Danilo Gallinari,http://www.basketball-reference.com/players/g/gallida01/gamelog/
Langston Galloway,http://www.basketball-reference.com/players/g/gallola01/gamelog/
Diante Garrett,http://www.basketball-reference.com/players/g/garredi02/gamelog/
Marc Gasol,http://www.basketball-reference.com/players/g/gasolma01/gamelog/
Pau Gasol,http://www.basketball-reference.com/players/g/gasolpa01/gamelog/
Rudy Gay,http://www.basketball-reference.com/players/g/gayru01/gamelog/
Alonzo Gee,http://www.basketball-reference.com/players/g/geeal01/gamelog/
Mickael Gelabale,http://www.basketball-reference.com/players/g/gelabmi01/gamelog/
Paul George,http://www.basketball-reference.com/players/g/georgpa01/gamelog/
Taj Gibson,http://www.basketball-reference.com/players/g/gibsota01/gamelog/
Manu Ginobili,http://www.basketball-reference.com/players/g/ginobma01/gamelog/
Mickell Gladness,http://www.basketball-reference.com/players/g/gladnmi01/gamelog/
Rudy Gobert,http://www.basketball-reference.com/players/g/goberru01/gamelog/
Ryan Gomes,http://www.basketball-reference.com/players/g/gomesry01/gamelog/
Drew Gooden,http://www.basketball-reference.com/players/g/goodedr01/gamelog/
Archie Goodwin,http://www.basketball-reference.com/players/g/goodwar01/gamelog/
Aaron Gordon,http://www.basketball-reference.com/players/g/gordoaa01/gamelog/
Drew Gordon,http://www.basketball-reference.com/players/g/gordodr01/gamelog/
Eric Gordon,http://www.basketball-reference.com/players/g/gordoer01/gamelog/
Marcin Gortat,http://www.basketball-reference.com/players/g/gortama01/gamelog/
Andrew Goudelock,http://www.basketball-reference.com/players/g/goudean01/gamelog/
Jerami Grant,http://www.basketball-reference.com/players/g/grantje01/gamelog/
Jerian Grant,http://www.basketball-reference.com/players/g/grantje02/gamelog/
Danny Green,http://www.basketball-reference.com/players/g/greenda02/gamelog/
Draymond Green,http://www.basketball-reference.com/players/g/greendr01/gamelog/
Erick Green,http://www.basketball-reference.com/players/g/greener01/gamelog/
Gerald Green,http://www.basketball-reference.com/players/g/greenge01/gamelog/
JaMychal Green,http://www.basketball-reference.com/players/g/greenja01/gamelog/
Jeff Green,http://www.basketball-reference.com/players/g/greenje02/gamelog/
Donte Greene,http://www.basketball-reference.com/players/g/greendo01/gamelog/
Blake Griffin,http://www.basketball-reference.com/players/g/griffbl01/gamelog/
Jorge Gutierrez,http://www.basketball-reference.com/players/g/gutiejo01/gamelog/
P.J. Hairston,http://www.basketball-reference.com/players/h/hairspj02/gamelog/
Jordan Hamilton,http://www.basketball-reference.com/players/h/hamiljo02/gamelog/
Justin Hamilton,http://www.basketball-reference.com/players/h/hamilju01/gamelog/
Ben Hansbrough,http://www.basketball-reference.com/players/h/hansbbe01/gamelog/
Tyler Hansbrough,http://www.basketball-reference.com/players/h/hansbty01/gamelog/
Tim Hardaway,http://www.basketball-reference.com/players/h/hardati02/gamelog/
James Harden,http://www.basketball-reference.com/players/h/hardeja01/gamelog/
Maurice Harkless,http://www.basketball-reference.com/players/h/harklma01/gamelog/
Justin Harper,http://www.basketball-reference.com/players/h/harpeju01/gamelog/
Montrezl Harrell,http://www.basketball-reference.com/players/h/harremo01/gamelog/
Josh Harrellson,http://www.basketball-reference.com/players/h/harrejo01/gamelog/
Devin Harris,http://www.basketball-reference.com/players/h/harride01/gamelog/
Elias Harris,http://www.basketball-reference.com/players/h/harriel01/gamelog/
Gary Harris,http://www.basketball-reference.com/players/h/harriga01/gamelog/
Joe Harris,http://www.basketball-reference.com/players/h/harrijo01/gamelog/
Manny Harris,http://www.basketball-reference.com/players/h/harrima01/gamelog/
Mike Harris,http://www.basketball-reference.com/players/h/harrimi01/gamelog/
Terrel Harris,http://www.basketball-reference.com/players/h/harrite01/gamelog/
Tobias Harris,http://www.basketball-reference.com/players/h/harrito02/gamelog/
Aaron Harrison,http://www.basketball-reference.com/players/h/harriaa01/gamelog/
Udonis Haslem,http://www.basketball-reference.com/players/h/hasleud01/gamelog/
Spencer Hawes,http://www.basketball-reference.com/players/h/hawessp01/gamelog/
Chuck Hayes,http://www.basketball-reference.com/players/h/hayesch01/gamelog/
Gordon Hayward,http://www.basketball-reference.com/players/h/haywago01/gamelog/
Gerald Henderson,http://www.basketball-reference.com/players/h/hendege02/gamelog/
Xavier Henry,http://www.basketball-reference.com/players/h/henryxa01/gamelog/
John Henson,http://www.basketball-reference.com/players/h/hensojo01/gamelog/
Mario Hezonja,http://www.basketball-reference.com/players/h/hezonma01/gamelog/
Roy Hibbert,http://www.basketball-reference.com/players/h/hibbero01/gamelog/
J.J. Hickson,http://www.basketball-reference.com/players/h/hicksjj01/gamelog/
Nene Hilario,http://www.basketball-reference.com/players/h/hilarne01/gamelog/
George Hill,http://www.basketball-reference.com/players/h/hillge01/gamelog/
Jordan Hill,http://www.basketball-reference.com/players/h/hilljo01/gamelog/
Solomon Hill,http://www.basketball-reference.com/players/h/hillso01/gamelog/
Darrun Hilliard,http://www.basketball-reference.com/players/h/hillida01/gamelog/
Kirk Hinrich,http://www.basketball-reference.com/players/h/hinriki01/gamelog/
Jrue Holiday,http://www.basketball-reference.com/players/h/holidjr01/gamelog/
Justin Holiday,http://www.basketball-reference.com/players/h/holidju01/gamelog/
Ryan Hollins,http://www.basketball-reference.com/players/h/holliry01/gamelog/
Rondae Hollis-Jefferson,http://www.basketball-reference.com/players/h/holliro01/gamelog/
Richaun Holmes,http://www.basketball-reference.com/players/h/holmeri01/gamelog/
Rodney Hood,http://www.basketball-reference.com/players/h/hoodro01/gamelog/
Scotty Hopson,http://www.basketball-reference.com/players/h/hopsosc01/gamelog/
Al Horford,http://www.basketball-reference.com/players/h/horfoal01/gamelog/
Dwight Howard,http://www.basketball-reference.com/players/h/howardw01/gamelog/
Lester Hudson,http://www.basketball-reference.com/players/h/hudsole01/gamelog/
Marcelo Huertas,http://www.basketball-reference.com/players/h/huertma01/gamelog/
Josh Huestis,http://www.basketball-reference.com/players/h/huestjo01/gamelog/
Robbie Hummel,http://www.basketball-reference.com/players/h/hummero01/gamelog/
Kris Humphries,http://www.basketball-reference.com/players/h/humphkr01/gamelog/
R.J. Hunter,http://www.basketball-reference.com/players/h/hunterj01/gamelog/
Serge Ibaka,http://www.basketball-reference.com/players/i/ibakase01/gamelog/
Andre Iguodala,http://www.basketball-reference.com/players/i/iguodan01/gamelog/
Didier Ilunga-Mbenga,http://www.basketball-reference.com/players/m/mbengdj01/gamelog/
Ersan Ilyasova,http://www.basketball-reference.com/players/i/ilyaser01/gamelog/
Joe Ingles,http://www.basketball-reference.com/players/i/inglejo01/gamelog/
Damien Inglis,http://www.basketball-reference.com/players/i/inglida01/gamelog/
Kyrie Irving,http://www.basketball-reference.com/players/i/irvinky01/gamelog/
Jarrett Jack,http://www.basketball-reference.com/players/j/jackja01/gamelog/
Darnell Jackson,http://www.basketball-reference.com/players/j/jacksda01/gamelog/
Reggie Jackson,http://www.basketball-reference.com/players/j/jacksre01/gamelog/
Bernard James,http://www.basketball-reference.com/players/j/jamesbe01/gamelog/
Damion James,http://www.basketball-reference.com/players/j/jamesda01/gamelog/
LeBron James,http://www.basketball-reference.com/players/j/jamesle01/gamelog/
Othyus Jeffers,http://www.basketball-reference.com/players/j/jeffeot01/gamelog/
Al Jefferson,http://www.basketball-reference.com/players/j/jeffeal01/gamelog/
Cory Jefferson,http://www.basketball-reference.com/players/j/jeffeco01/gamelog/
Richard Jefferson,http://www.basketball-reference.com/players/j/jefferi01/gamelog/
Charles Jenkins,http://www.basketball-reference.com/players/j/jenkich01/gamelog/
John Jenkins,http://www.basketball-reference.com/players/j/jenkijo01/gamelog/
Brandon Jennings,http://www.basketball-reference.com/players/j/jennibr01/gamelog/
Jonas Jerebko,http://www.basketball-reference.com/players/j/jerebjo01/gamelog/
Grant Jerrett,http://www.basketball-reference.com/players/j/jerregr01/gamelog/
Amir Johnson,http://www.basketball-reference.com/players/j/johnsam01/gamelog/
Chris Johnson,http://www.basketball-reference.com/players/j/johnsch03/gamelog/
Chris Johnson,http://www.basketball-reference.com/players/j/johnsch04/gamelog/
Ivan Johnson,http://www.basketball-reference.com/players/j/johnsiv01/gamelog/
James Johnson,http://www.basketball-reference.com/players/j/johnsja01/gamelog/
Joe Johnson,http://www.basketball-reference.com/players/j/johnsjo02/gamelog/
Nick Johnson,http://www.basketball-reference.com/players/j/johnsni01/gamelog/
Orlando Johnson,http://www.basketball-reference.com/players/j/johnsor01/gamelog/
Stanley Johnson,http://www.basketball-reference.com/players/j/johnsst04/gamelog/
Trey Johnson,http://www.basketball-reference.com/players/j/johnstr01/gamelog/
Tyler Johnson,http://www.basketball-reference.com/players/j/johnsty01/gamelog/
Wesley Johnson,http://www.basketball-reference.com/players/j/johnswe01/gamelog/
Darius Johnson-Odom,http://www.basketball-reference.com/players/j/johnsda03/gamelog/
Nikola Jokic,http://www.basketball-reference.com/players/j/jokicni01/gamelog/
Dahntay Jones,http://www.basketball-reference.com/players/j/jonesda02/gamelog/
DeQuan Jones,http://www.basketball-reference.com/players/j/jonesde01/gamelog/
James Jones,http://www.basketball-reference.com/players/j/jonesja02/gamelog/
Kevin Jones,http://www.basketball-reference.com/players/j/joneske01/gamelog/
Perry Jones,http://www.basketball-reference.com/players/j/jonespe01/gamelog/
Solomon Jones,http://www.basketball-reference.com/players/j/jonesso01/gamelog/
Terrence Jones,http://www.basketball-reference.com/players/j/joneste01/gamelog/
Tyus Jones,http://www.basketball-reference.com/players/j/jonesty01/gamelog/
DeAndre Jordan,http://www.basketball-reference.com/players/j/jordade01/gamelog/
Jerome Jordan,http://www.basketball-reference.com/players/j/jordaje01/gamelog/
Cory Joseph,http://www.basketball-reference.com/players/j/josepco01/gamelog/
Kris Joseph,http://www.basketball-reference.com/players/j/josepkr01/gamelog/
Chris Kaman,http://www.basketball-reference.com/players/k/kamanch01/gamelog/
Frank Kaminsky,http://www.basketball-reference.com/players/k/kaminfr01/gamelog/
Enes Kanter,http://www.basketball-reference.com/players/k/kanteen01/gamelog/
Sergey Karasev,http://www.basketball-reference.com/players/k/karasse01/gamelog/
Ryan Kelly,http://www.basketball-reference.com/players/k/kellyry01/gamelog/
D.J. Kennedy,http://www.basketball-reference.com/players/k/kennedj01/gamelog/
Michael Kidd-Gilchrist,http://www.basketball-reference.com/players/k/kiddgmi01/gamelog/
Sean Kilpatrick,http://www.basketball-reference.com/players/k/kilpase01/gamelog/
Alex Kirk,http://www.basketball-reference.com/players/k/kirkal01/gamelog/
Linas Kleiza,http://www.basketball-reference.com/players/k/kleizli01/gamelog/
Brandon Knight,http://www.basketball-reference.com/players/k/knighbr03/gamelog/
Kyle Korver,http://www.basketball-reference.com/players/k/korveky01/gamelog/
Kosta Koufos,http://www.basketball-reference.com/players/k/koufoko01/gamelog/
Viacheslav Kravtsov,http://www.basketball-reference.com/players/k/kravtvi01/gamelog/
Ognjen Kuzmic,http://www.basketball-reference.com/players/k/kuzmiog01/gamelog/
Doron Lamb,http://www.basketball-reference.com/players/l/lambdo01/gamelog/
Jeremy Lamb,http://www.basketball-reference.com/players/l/lambje01/gamelog/
Carl Landry,http://www.basketball-reference.com/players/l/landrca01/gamelog/
Marcus Landry,http://www.basketball-reference.com/players/l/landrma01/gamelog/
Shane Larkin,http://www.basketball-reference.com/players/l/larkish01/gamelog/
Joffrey Lauvergne,http://www.basketball-reference.com/players/l/lauvejo01/gamelog/
Zach LaVine,http://www.basketball-reference.com/players/l/lavinza01/gamelog/
Gani Lawal,http://www.basketball-reference.com/players/l/lawalga01/gamelog/
Ty Lawson,http://www.basketball-reference.com/players/l/lawsoty01/gamelog/
Ricky Ledo,http://www.basketball-reference.com/players/l/ledori01/gamelog/
Courtney Lee,http://www.basketball-reference.com/players/l/leeco01/gamelog/
David Lee,http://www.basketball-reference.com/players/l/leeda02/gamelog/
Malcolm Lee,http://www.basketball-reference.com/players/l/leema01/gamelog/
Alex Len,http://www.basketball-reference.com/players/l/lenal01/gamelog/
Kawhi Leonard,http://www.basketball-reference.com/players/l/leonaka01/gamelog/
Meyers Leonard,http://www.basketball-reference.com/players/l/leoname01/gamelog/
Jon Leuer,http://www.basketball-reference.com/players/l/leuerjo01/gamelog/
DeAndre Liggins,http://www.basketball-reference.com/players/l/liggide01/gamelog/
Damian Lillard,http://www.basketball-reference.com/players/l/lillada01/gamelog/
Jeremy Lin,http://www.basketball-reference.com/players/l/linje01/gamelog/
Shaun Livingston,http://www.basketball-reference.com/players/l/livinsh01/gamelog/
Kevon Looney,http://www.basketball-reference.com/players/l/looneke01/gamelog/
Brook Lopez,http://www.basketball-reference.com/players/l/lopezbr01/gamelog/
Robin Lopez,http://www.basketball-reference.com/players/l/lopezro01/gamelog/
Kevin Love,http://www.basketball-reference.com/players/l/loveke01/gamelog/
Kyle Lowry,http://www.basketball-reference.com/players/l/lowryky01/gamelog/
Kalin Lucas,http://www.basketball-reference.com/players/l/lucaska01/gamelog/
John Lucas III,http://www.basketball-reference.com/players/l/lucasjo02/gamelog/
Trey Lyles,http://www.basketball-reference.com/players/l/lylestr01/gamelog/
Scott Machado,http://www.basketball-reference.com/players/m/machasc01/gamelog/
Shelvin Mack,http://www.basketball-reference.com/players/m/macksh01/gamelog/
Vernon Macklin,http://www.basketball-reference.com/players/m/macklve01/gamelog/
Ian Mahinmi,http://www.basketball-reference.com/players/m/mahinia01/gamelog/
Devyn Marble,http://www.basketball-reference.com/players/m/marblde01/gamelog/
Boban Marjanovic,http://www.basketball-reference.com/players/m/marjabo01/gamelog/
Kendall Marshall,http://www.basketball-reference.com/players/m/marshke01/gamelog/
Cartier Martin,http://www.basketball-reference.com/players/m/martica01/gamelog/
Jarell Martin,http://www.basketball-reference.com/players/m/martija01/gamelog/
Kevin Martin,http://www.basketball-reference.com/players/m/martike02/gamelog/
Wesley Matthews,http://www.basketball-reference.com/players/m/matthwe02/gamelog/
Eric Maynor,http://www.basketball-reference.com/players/m/maynoer01/gamelog/
O.J. Mayo,http://www.basketball-reference.com/players/m/mayooj01/gamelog/
Luc Mbah a Moute,http://www.basketball-reference.com/players/m/mbahalu01/gamelog/
James Michael McAdoo,http://www.basketball-reference.com/players/m/mcadoja01/gamelog/
Ray McCallum,http://www.basketball-reference.com/players/m/mccalra01/gamelog/
C.J. McCollum,http://www.basketball-reference.com/players/m/mccolcj01/gamelog/
T.J. McConnell,http://www.basketball-reference.com/players/m/mccontj01/gamelog/
Chris McCullough,http://www.basketball-reference.com/players/m/mcculch01/gamelog/
K.J. McDaniels,http://www.basketball-reference.com/players/m/mcdankj01/gamelog/
Doug McDermott,http://www.basketball-reference.com/players/m/mcderdo01/gamelog/
Mitch McGary,http://www.basketball-reference.com/players/m/mcgarmi01/gamelog/
JaVale McGee,http://www.basketball-reference.com/players/m/mcgeeja01/gamelog/
Dominic McGuire,http://www.basketball-reference.com/players/m/mcguido01/gamelog/
Ben McLemore,http://www.basketball-reference.com/players/m/mclembe01/gamelog/
Jerel McNeal,http://www.basketball-reference.com/players/m/mcneaje01/gamelog/
Jordan McRae,http://www.basketball-reference.com/players/m/mcraejo01/gamelog/
Josh McRoberts,http://www.basketball-reference.com/players/m/mcrobjo01/gamelog/
Jodie Meeks,http://www.basketball-reference.com/players/m/meeksjo01/gamelog/
Salah Mejri,http://www.basketball-reference.com/players/m/mejrisa01/gamelog/
Gal Mekel,http://www.basketball-reference.com/players/m/mekelga01/gamelog/
Fab Melo,http://www.basketball-reference.com/players/m/melofa01/gamelog/
Pops Mensah-Bonsu,http://www.basketball-reference.com/players/m/mensapo01/gamelog/
Jordan Mickey,http://www.basketball-reference.com/players/m/mickejo01/gamelog/
Khris Middleton,http://www.basketball-reference.com/players/m/middlkh01/gamelog/
C.J. Miles,http://www.basketball-reference.com/players/m/milescj01/gamelog/
Andre Miller,http://www.basketball-reference.com/players/m/millean02/gamelog/
Darius Miller,http://www.basketball-reference.com/players/m/milleda01/gamelog/
Mike Miller,http://www.basketball-reference.com/players/m/millemi01/gamelog/
Quincy Miller,http://www.basketball-reference.com/players/m/millequ01/gamelog/
Patrick Mills,http://www.basketball-reference.com/players/m/millspa02/gamelog/
Elijah Millsap,http://www.basketball-reference.com/players/m/millsel01/gamelog/
Paul Millsap,http://www.basketball-reference.com/players/m/millspa01/gamelog/
Nikola Mirotic,http://www.basketball-reference.com/players/m/mirotni01/gamelog/
Tony Mitchell,http://www.basketball-reference.com/players/m/mitchto03/gamelog/
Tony Mitchell,http://www.basketball-reference.com/players/m/mitchto02/gamelog/
Nazr Mohammed,http://www.basketball-reference.com/players/m/mohamna01/gamelog/
Greg Monroe,http://www.basketball-reference.com/players/m/monrogr01/gamelog/
Luis Montero,http://www.basketball-reference.com/players/m/montelu01/gamelog/
E'Twaun Moore,http://www.basketball-reference.com/players/m/mooreet01/gamelog/
Eric Moreland,http://www.basketball-reference.com/players/m/moreler01/gamelog/
Darius Morris,http://www.basketball-reference.com/players/m/morrida01/gamelog/
Marcus Morris,http://www.basketball-reference.com/players/m/morrima03/gamelog/
Markieff Morris,http://www.basketball-reference.com/players/m/morrima02/gamelog/
Anthony Morrow,http://www.basketball-reference.com/players/m/morroan01/gamelog/
Donatas Motiejunas,http://www.basketball-reference.com/players/m/motiedo01/gamelog/
Arnett Moultrie,http://www.basketball-reference.com/players/m/moultar01/gamelog/
Timofey Mozgov,http://www.basketball-reference.com/players/m/mozgoti01/gamelog/
Emmanuel Mudiay,http://www.basketball-reference.com/players/m/mudiaem01/gamelog/
Shabazz Muhammad,http://www.basketball-reference.com/players/m/muhamsh01/gamelog/
Byron Mullens,http://www.basketball-reference.com/players/m/mulleby01/gamelog/
Xavier Munford,http://www.basketball-reference.com/players/m/munfoxa02/gamelog/
Erik Murphy,http://www.basketball-reference.com/players/m/murpher01/gamelog/
Kevin Murphy,http://www.basketball-reference.com/players/m/murphke01/gamelog/
Toure' Murry,http://www.basketball-reference.com/players/m/murryto01/gamelog/
Mike Muscala,http://www.basketball-reference.com/players/m/muscami01/gamelog/
Hamady N'Diaye,http://www.basketball-reference.com/players/n/ndiayha01/gamelog/
Larry Nance Jr.,http://www.basketball-reference.com/players/n/nancela02/gamelog/
Shabazz Napier,http://www.basketball-reference.com/players/n/napiesh01/gamelog/
Gary Neal,http://www.basketball-reference.com/players/n/nealga01/gamelog/
Nemanja Nedovic,http://www.basketball-reference.com/players/n/nedovne01/gamelog/
Jameer Nelson,http://www.basketball-reference.com/players/n/nelsoja01/gamelog/
Raul Neto,http://www.basketball-reference.com/players/n/netora01/gamelog/
Andrew Nicholson,http://www.basketball-reference.com/players/n/nichoan01/gamelog/
Joakim Noah,http://www.basketball-reference.com/players/n/noahjo01/gamelog/
Nerlens Noel,http://www.basketball-reference.com/players/n/noelne01/gamelog/
Lucas Nogueira,http://www.basketball-reference.com/players/n/noguelu01/gamelog/
Steve Novak,http://www.basketball-reference.com/players/n/novakst01/gamelog/
Dirk Nowitzki,http://www.basketball-reference.com/players/n/nowitdi01/gamelog/
James Nunnally,http://www.basketball-reference.com/players/n/nunnaja01/gamelog/
Jusuf Nurkic,http://www.basketball-reference.com/players/n/nurkiju01/gamelog/
J.J. O'Brien,http://www.basketball-reference.com/players/o/obriejj01/gamelog/
Johnny O'Bryant,http://www.basketball-reference.com/players/o/obryajo01/gamelog/
Patrick O'Bryant,http://www.basketball-reference.com/players/o/obryapa01/gamelog/
Kyle O'Quinn,http://www.basketball-reference.com/players/o/oquinky01/gamelog/
Greg Oden,http://www.basketball-reference.com/players/o/odengr01/gamelog/
Tim Ohlbrecht,http://www.basketball-reference.com/players/o/ohlbrti01/gamelog/
Jahlil Okafor,http://www.basketball-reference.com/players/o/okafoja01/gamelog/
Victor Oladipo,http://www.basketball-reference.com/players/o/oladivi01/gamelog/
Kelly Olynyk,http://www.basketball-reference.com/players/o/olynyke01/gamelog/
Arinze Onuaku,http://www.basketball-reference.com/players/o/onuakar01/gamelog/
Daniel Orton,http://www.basketball-reference.com/players/o/ortonda01/gamelog/
Kelly Oubre,http://www.basketball-reference.com/players/o/oubreke01/gamelog/
Travis Outlaw,http://www.basketball-reference.com/players/o/outlatr01/gamelog/
Zaza Pachulia,http://www.basketball-reference.com/players/p/pachuza01/gamelog/
Kostas Papanikolaou,http://www.basketball-reference.com/players/p/papanko01/gamelog/
Jabari Parker,http://www.basketball-reference.com/players/p/parkeja01/gamelog/
Tony Parker,http://www.basketball-reference.com/players/p/parketo01/gamelog/
Chandler Parsons,http://www.basketball-reference.com/players/p/parsoch01/gamelog/
Lamar Patterson,http://www.basketball-reference.com/players/p/pattela01/gamelog/
Patrick Patterson,http://www.basketball-reference.com/players/p/pattepa01/gamelog/
Chris Paul,http://www.basketball-reference.com/players/p/paulch01/gamelog/
Sasha Pavlovic,http://www.basketball-reference.com/players/p/pavloal01/gamelog/
Adreian Payne,http://www.basketball-reference.com/players/p/paynead01/gamelog/
Cameron Payne,http://www.basketball-reference.com/players/p/payneca01/gamelog/
Elfrid Payton,http://www.basketball-reference.com/players/p/paytoel01/gamelog/
Oleksiy Pecherov,http://www.basketball-reference.com/players/p/pecheol01/gamelog/
Nikola Pekovic,http://www.basketball-reference.com/players/p/pekovni01/gamelog/
Kendrick Perkins,http://www.basketball-reference.com/players/p/perkike01/gamelog/
Johan Petro,http://www.basketball-reference.com/players/p/petrojo01/gamelog/
Paul Pierce,http://www.basketball-reference.com/players/p/piercpa01/gamelog/
Dexter Pittman,http://www.basketball-reference.com/players/p/pittmde01/gamelog/
Tibor Pleiss,http://www.basketball-reference.com/players/p/pleisti01/gamelog/
Mason Plumlee,http://www.basketball-reference.com/players/p/plumlma01/gamelog/
Miles Plumlee,http://www.basketball-reference.com/players/p/plumlmi01/gamelog/
Quincy Pondexter,http://www.basketball-reference.com/players/p/pondequ01/gamelog/
Otto Porter,http://www.basketball-reference.com/players/p/porteot01/gamelog/
Bobby Portis,http://www.basketball-reference.com/players/p/portibo01/gamelog/
Kristaps Porzingis,http://www.basketball-reference.com/players/p/porzikr01/gamelog/
Dwight Powell,http://www.basketball-reference.com/players/p/poweldw01/gamelog/
Josh Powell,http://www.basketball-reference.com/players/p/poweljo01/gamelog/
Norman Powell,http://www.basketball-reference.com/players/p/powelno01/gamelog/
Phil Pressey,http://www.basketball-reference.com/players/p/pressph01/gamelog/
Ronnie Price,http://www.basketball-reference.com/players/p/pricero01/gamelog/
Pablo Prigioni,http://www.basketball-reference.com/players/p/prigipa01/gamelog/
Tayshaun Prince,http://www.basketball-reference.com/players/p/princta01/gamelog/
Miroslav Raduljica,http://www.basketball-reference.com/players/r/radulmi01/gamelog/
Julius Randle,http://www.basketball-reference.com/players/r/randlju01/gamelog/
Anthony Randolph,http://www.basketball-reference.com/players/r/randoan01/gamelog/
Shavlik Randolph,http://www.basketball-reference.com/players/r/randosh01/gamelog/
Zach Randolph,http://www.basketball-reference.com/players/r/randoza01/gamelog/
J.J. Redick,http://www.basketball-reference.com/players/r/redicjj01/gamelog/
Willie Reed,http://www.basketball-reference.com/players/r/reedwi02/gamelog/
Glen Rice,http://www.basketball-reference.com/players/r/ricegl02/gamelog/
Josh Richardson,http://www.basketball-reference.com/players/r/richajo01/gamelog/
Austin Rivers,http://www.basketball-reference.com/players/r/riverau01/gamelog/
Andre Roberson,http://www.basketball-reference.com/players/r/roberan03/gamelog/
Brian Roberts,http://www.basketball-reference.com/players/r/roberbr01/gamelog/
Glenn Robinson,http://www.basketball-reference.com/players/r/robingl02/gamelog/
Nate Robinson,http://www.basketball-reference.com/players/r/robinna01/gamelog/
Thomas Robinson,http://www.basketball-reference.com/players/r/robinth01/gamelog/
Rajon Rondo,http://www.basketball-reference.com/players/r/rondora01/gamelog/
Derrick Rose,http://www.basketball-reference.com/players/r/rosede01/gamelog/
Terrence Ross,http://www.basketball-reference.com/players/r/rosste01/gamelog/
Terry Rozier,http://www.basketball-reference.com/players/r/roziete01/gamelog/
Ricky Rubio,http://www.basketball-reference.com/players/r/rubiori01/gamelog/
Damjan Rudez,http://www.basketball-reference.com/players/r/rudezda01/gamelog/
Brandon Rush,http://www.basketball-reference.com/players/r/rushbr01/gamelog/
D'Angelo Russell,http://www.basketball-reference.com/players/r/russeda01/gamelog/
Robert Sacre,http://www.basketball-reference.com/players/s/sacrero01/gamelog/
JaKarr Sampson,http://www.basketball-reference.com/players/s/sampsja02/gamelog/
Dennis Schroder,http://www.basketball-reference.com/players/s/schrode01/gamelog/
Luis Scola,http://www.basketball-reference.com/players/s/scolalu01/gamelog/
Mike Scott,http://www.basketball-reference.com/players/s/scottmi01/gamelog/
Thabo Sefolosha,http://www.basketball-reference.com/players/s/sefolth01/gamelog/
Kevin Seraphin,http://www.basketball-reference.com/players/s/serapke01/gamelog/
Ramon Sessions,http://www.basketball-reference.com/players/s/sessira01/gamelog/
Mustafa Shakur,http://www.basketball-reference.com/players/s/shakumu01/gamelog/
Tornike Shengelia,http://www.basketball-reference.com/players/s/shengto01/gamelog/
Iman Shumpert,http://www.basketball-reference.com/players/s/shumpim01/gamelog/
Alexey Shved,http://www.basketball-reference.com/players/s/shvedal01/gamelog/
Xavier Silas,http://www.basketball-reference.com/players/s/silasxa01/gamelog/
Jonathon Simmons,http://www.basketball-reference.com/players/s/simmojo02/gamelog/
Henry Sims,http://www.basketball-reference.com/players/s/simshe01/gamelog/
Kyle Singler,http://www.basketball-reference.com/players/s/singlky01/gamelog/
Chris Singleton,http://www.basketball-reference.com/players/s/singlch01/gamelog/
Peyton Siva,http://www.basketball-reference.com/players/s/sivape01/gamelog/
Donald Sloan,http://www.basketball-reference.com/players/s/sloando01/gamelog/
Marcus Smart,http://www.basketball-reference.com/players/s/smartma01/gamelog/
Chris Smith,http://www.basketball-reference.com/players/s/smithch05/gamelog/
Greg Smith,http://www.basketball-reference.com/players/s/smithgr02/gamelog/
Ish Smith,http://www.basketball-reference.com/players/s/smithis01/gamelog/
J.R. Smith,http://www.basketball-reference.com/players/s/smithjr01/gamelog/
Jason Smith,http://www.basketball-reference.com/players/s/smithja02/gamelog/
Josh Smith,http://www.basketball-reference.com/players/s/smithjo03/gamelog/
Nolan Smith,http://www.basketball-reference.com/players/s/smithno01/gamelog/
Russ Smith,http://www.basketball-reference.com/players/s/smithru01/gamelog/
Tony Snell,http://www.basketball-reference.com/players/s/snellto01/gamelog/
James Southerland,http://www.basketball-reference.com/players/s/southja01/gamelog/
Marreese Speights,http://www.basketball-reference.com/players/s/speigma01/gamelog/
Tiago Splitter,http://www.basketball-reference.com/players/s/splitti01/gamelog/
Nik Stauskas,http://www.basketball-reference.com/players/s/stausni01/gamelog/
D.J. Stephens,http://www.basketball-reference.com/players/s/stephdj01/gamelog/
Lance Stephenson,http://www.basketball-reference.com/players/s/stephla01/gamelog/
Alex Stepheson,http://www.basketball-reference.com/players/s/stephal01/gamelog/
Greg Stiemsma,http://www.basketball-reference.com/players/s/stiemgr01/gamelog/
David Stockton,http://www.basketball-reference.com/players/s/stockda01/gamelog/
Jarnell Stokes,http://www.basketball-reference.com/players/s/stokeja01/gamelog/
Julyan Stone,http://www.basketball-reference.com/players/s/stoneju01/gamelog/
Rodney Stuckey,http://www.basketball-reference.com/players/s/stuckro01/gamelog/
Jared Sullinger,http://www.basketball-reference.com/players/s/sullija01/gamelog/
DaJuan Summers,http://www.basketball-reference.com/players/s/summeda01/gamelog/
Walter Tavares,http://www.basketball-reference.com/players/t/tavarwa01/gamelog/
Jeffery Taylor,http://www.basketball-reference.com/players/t/tayloje03/gamelog/
Jermaine Taylor,http://www.basketball-reference.com/players/t/tayloje02/gamelog/
Tyshawn Taylor,http://www.basketball-reference.com/players/t/tayloty01/gamelog/
Jeff Teague,http://www.basketball-reference.com/players/t/teaguje01/gamelog/
Marquis Teague,http://www.basketball-reference.com/players/t/teaguma01/gamelog/
Mirza Teletovic,http://www.basketball-reference.com/players/t/teletmi01/gamelog/
Sebastian Telfair,http://www.basketball-reference.com/players/t/telfase01/gamelog/
Garrett Temple,http://www.basketball-reference.com/players/t/templga01/gamelog/
Jason Terry,http://www.basketball-reference.com/players/t/terryja01/gamelog/
Adonis Thomas,http://www.basketball-reference.com/players/t/thomaad01/gamelog/
Isaiah Thomas,http://www.basketball-reference.com/players/t/thomais02/gamelog/
Lance Thomas,http://www.basketball-reference.com/players/t/thomala01/gamelog/
Malcolm Thomas,http://www.basketball-reference.com/players/t/thomama01/gamelog/
Tyrus Thomas,http://www.basketball-reference.com/players/t/thomaty01/gamelog/
Hollis Thompson,http://www.basketball-reference.com/players/t/thompho01/gamelog/
Jason Thompson,http://www.basketball-reference.com/players/t/thompja02/gamelog/
Klay Thompson,http://www.basketball-reference.com/players/t/thompkl01/gamelog/
Tristan Thompson,http://www.basketball-reference.com/players/t/thomptr01/gamelog/
Marcus Thornton,http://www.basketball-reference.com/players/t/thornma01/gamelog/
Anthony Tolliver,http://www.basketball-reference.com/players/t/tollian01/gamelog/
Axel Toupane,http://www.basketball-reference.com/players/t/toupaax01/gamelog/
Karl-Anthony Towns,http://www.basketball-reference.com/players/t/townska01/gamelog/
Nikoloz Tskitishvili,http://www.basketball-reference.com/players/t/tskitni01/gamelog/
P.J. Tucker,http://www.basketball-reference.com/players/t/tuckepj01/gamelog/
Evan Turner,http://www.basketball-reference.com/players/t/turneev01/gamelog/
Myles Turner,http://www.basketball-reference.com/players/t/turnemy01/gamelog/
Jeremy Tyler,http://www.basketball-reference.com/players/t/tylerje01/gamelog/
Ekpe Udoh,http://www.basketball-reference.com/players/u/udohek01/gamelog/
Beno Udrih,http://www.basketball-reference.com/players/u/udrihbe01/gamelog/
Jonas Valanciunas,http://www.basketball-reference.com/players/v/valanjo01/gamelog/
Anderson Varejao,http://www.basketball-reference.com/players/v/varejan01/gamelog/
Jarvis Varnado,http://www.basketball-reference.com/players/v/varnaja01/gamelog/
Greivis Vasquez,http://www.basketball-reference.com/players/v/vasqugr01/gamelog/
Rashad Vaughn,http://www.basketball-reference.com/players/v/vaughra01/gamelog/
Jan Vesely,http://www.basketball-reference.com/players/v/veselja01/gamelog/
Charlie Villanueva,http://www.basketball-reference.com/players/v/villach01/gamelog/
Noah Vonleh,http://www.basketball-reference.com/players/v/vonleno01/gamelog/
Nikola Vucevic,http://www.basketball-reference.com/players/v/vucevni01/gamelog/
Sasha Vujacic,http://www.basketball-reference.com/players/v/vujacsa01/gamelog/
Dwyane Wade,http://www.basketball-reference.com/players/w/wadedw01/gamelog/
Dion Waiters,http://www.basketball-reference.com/players/w/waitedi01/gamelog/
Henry Walker,http://www.basketball-reference.com/players/w/walkebi01/gamelog/
Kemba Walker,http://www.basketball-reference.com/players/w/walkeke02/gamelog/
John Wall,http://www.basketball-reference.com/players/w/walljo01/gamelog/
Casper Ware,http://www.basketball-reference.com/players/w/wareca01/gamelog/
T.J. Warren,http://www.basketball-reference.com/players/w/warretj01/gamelog/
C.J. Watson,http://www.basketball-reference.com/players/w/watsocj01/gamelog/
Maalik Wayns,http://www.basketball-reference.com/players/w/waynsma01/gamelog/
David Wear,http://www.basketball-reference.com/players/w/wearda01/gamelog/
Travis Wear,http://www.basketball-reference.com/players/w/weartr01/gamelog/
Briante Weber,http://www.basketball-reference.com/players/w/weberbr01/gamelog/
Martell Webster,http://www.basketball-reference.com/players/w/webstma02/gamelog/
Sonny Weems,http://www.basketball-reference.com/players/w/weemsso01/gamelog/
David West,http://www.basketball-reference.com/players/w/westda01/gamelog/
Russell Westbrook,http://www.basketball-reference.com/players/w/westbru01/gamelog/
D.J. White,http://www.basketball-reference.com/players/w/whitedj01/gamelog/
Royce White,http://www.basketball-reference.com/players/w/whitero03/gamelog/
Hassan Whiteside,http://www.basketball-reference.com/players/w/whiteha01/gamelog/
Shayne Whittington,http://www.basketball-reference.com/players/w/whittsh01/gamelog/
Andrew Wiggins,http://www.basketball-reference.com/players/w/wiggian01/gamelog/
C.J. Wilcox,http://www.basketball-reference.com/players/w/wilcocj01/gamelog/
Damien Wilkins,http://www.basketball-reference.com/players/w/wilkida02/gamelog/
Alan Williams,http://www.basketball-reference.com/players/w/willial03/gamelog/
Deron Williams,http://www.basketball-reference.com/players/w/willide01/gamelog/
Derrick Williams,http://www.basketball-reference.com/players/w/willide02/gamelog/
Elliot Williams,http://www.basketball-reference.com/players/w/williel01/gamelog/
Lou Williams,http://www.basketball-reference.com/players/w/willilo02/gamelog/
Marcus Williams,http://www.basketball-reference.com/players/w/willima04/gamelog/
Marvin Williams,http://www.basketball-reference.com/players/w/willima02/gamelog/
Reggie Williams,http://www.basketball-reference.com/players/w/willire02/gamelog/
Shawne Williams,http://www.basketball-reference.com/players/w/willish03/gamelog/
Justise Winslow,http://www.basketball-reference.com/players/w/winslju01/gamelog/
Jeff Withey,http://www.basketball-reference.com/players/w/witheje01/gamelog/
Nate Wolters,http://www.basketball-reference.com/players/w/woltena01/gamelog/
Christian Wood,http://www.basketball-reference.com/players/w/woodch01/gamelog/
Metta World Peace,http://www.basketball-reference.com/players/a/artesro01/gamelog/
Brandan Wright,http://www.basketball-reference.com/players/w/wrighbr03/gamelog/
Chris Wright,http://www.basketball-reference.com/players/w/wrighch01/gamelog/
Delon Wright,http://www.basketball-reference.com/players/w/wrighde01/gamelog/
Dorell Wright,http://www.basketball-reference.com/players/w/wrighdo01/gamelog/
Tony Wroten,http://www.basketball-reference.com/players/w/wroteto01/gamelog/
James Young,http://www.basketball-reference.com/players/y/youngja01/gamelog/
Joseph Young,http://www.basketball-reference.com/players/y/youngjo01/gamelog/
Nick Young,http://www.basketball-reference.com/players/y/youngni01/gamelog/
Sam Young,http://www.basketball-reference.com/players/y/youngsa01/gamelog/
Thaddeus Young,http://www.basketball-reference.com/players/y/youngth01/gamelog/
Cody Zeller,http://www.basketball-reference.com/players/z/zelleco01/gamelog/
Tyler Zeller,http://www.basketball-reference.com/players/z/zellety01/gamelog/
